time,open,high,low,close,volume,VWAP,5SMA,8SMA,13SMA,12EMA,26EMA,MACD,MACDS,RSI
09:00,224.010,224.150,224.010,224.100,5593,223.579,224.146,224.150,224.078,224.090,224.027,0.062,0.047,52.355
09:01,224.060,224.150,224.060,224.150,6989,223.581,224.136,224.148,224.103,224.099,224.037,0.062,0.050,54.403
09:02,224.150,224.250,224.100,224.140,10095,223.584,224.116,224.153,224.129,224.105,224.044,0.061,0.052,53.904
09:03,224.150,224.150,224.000,224.000,30730,223.591,224.116,224.127,224.141,224.089,224.041,0.048,0.052,47.355
09:04,224.000,224.050,224.000,224.000,8360,223.593,224.078,224.103,224.129,224.075,224.038,0.037,0.049,47.355
09:05,224.000,224.200,223.860,224.200,16377,223.597,224.098,224.097,224.130,224.094,224.050,0.045,0.048,56.176
09:06,224.280,224.300,224.180,224.299,5822,223.599,224.128,224.135,224.140,224.126,224.068,0.058,0.050,59.766
09:07,224.300,224.340,224.150,224.250,11626,223.603,224.150,224.142,224.151,224.145,224.082,0.063,0.052,57.268
09:08,224.140,224.300,224.140,224.250,3203,223.604,224.200,224.161,224.155,224.161,224.094,0.067,0.055,57.268
09:09,224.200,224.260,224.200,224.250,7565,223.606,224.250,224.174,224.159,224.175,224.106,0.069,0.058,57.268
09:10,224.200,224.250,224.110,224.150,5816,223.607,224.240,224.175,224.152,224.171,224.109,0.062,0.059,51.744
09:11,224.110,224.250,224.110,224.160,6778,223.609,224.212,224.195,224.165,224.169,224.113,0.056,0.058,52.240
09:12,224.200,224.200,224.150,224.200,3157,223.610,224.202,224.220,224.165,224.174,224.119,0.055,0.058,54.266
09:13,224.200,224.200,223.920,223.920,7723,223.612,224.136,224.185,224.151,224.135,224.105,0.030,0.052,41.120
09:14,223.900,223.950,223.860,223.890,2499,223.612,224.064,224.134,224.131,224.097,224.089,0.009,0.043,40.001
09:15,223.860,224.000,223.660,224.000,14081,223.614,224.034,224.103,224.121,224.082,224.082,0.000,0.035,45.819
09:16,223.980,224.090,223.850,224.090,3080,223.614,224.020,224.083,224.128,224.083,224.083,0.001,0.028,50.084
09:17,224.000,224.100,224.000,224.000,10386,223.616,223.980,224.051,224.128,224.071,224.077,-0.006,0.021,46.170
09:18,224.100,224.230,224.030,224.090,5258,223.618,224.014,224.044,224.119,224.074,224.078,-0.004,0.016,50.348
09:19,224.230,224.380,224.180,224.380,9938,223.621,224.112,224.071,224.125,224.121,224.100,0.021,0.017,60.884
09:20,224.400,224.540,224.250,224.300,16448,223.627,224.172,224.084,224.129,224.148,224.115,0.034,0.020,57.274
09:21,224.390,224.390,224.190,224.220,11230,223.630,224.198,224.121,224.127,224.159,224.123,0.037,0.024,53.836
09:22,224.280,224.330,224.190,224.190,5588,223.631,224.236,224.159,224.122,224.164,224.128,0.037,0.026,52.561
09:23,224.140,224.600,224.100,224.600,12699,223.636,224.338,224.234,224.157,224.231,224.163,0.069,0.035,64.818
09:24,224.640,224.700,224.470,224.500,20040,223.644,224.362,224.285,224.183,224.273,224.188,0.085,0.045,60.698
09:25,224.490,224.600,223.900,224.310,61802,223.661,224.364,224.324,224.192,224.278,224.197,0.082,0.052,53.714
09:26,224.390,224.510,224.350,224.490,16159,223.667,224.418,224.374,224.235,224.311,224.218,0.092,0.060,58.577
09:27,224.340,224.400,223.860,224.000,38758,223.674,224.380,224.326,224.244,224.263,224.202,0.061,0.060,44.783
09:28,224.060,224.300,223.940,224.200,14366,223.677,224.300,224.314,224.259,224.253,224.202,0.051,0.059,49.963
09:29,224.300,224.300,224.000,224.090,6757,223.678,224.218,224.297,224.259,224.228,224.194,0.034,0.054,47.333
09:30,224.145,225.071,223.090,224.645,1407835,224.269,224.285,224.354,224.309,224.292,224.227,0.065,0.056,59.045
09:31,224.680,224.780,223.219,223.910,535411,224.186,224.169,224.268,224.295,224.234,224.204,0.030,0.051,44.828
09:32,223.860,223.990,222.210,223.890,556087,224.003,224.147,224.192,224.257,224.181,224.180,0.000,0.041,44.513
09:33,223.850,225.110,223.250,224.884,559222,224.078,224.284,224.264,224.302,224.289,224.233,0.056,0.044,59.645
09:34,224.861,225.010,224.271,224.415,419963,224.137,224.349,224.254,224.317,224.308,224.246,0.062,0.047,52.387
09:35,224.435,225.000,224.090,224.520,374894,224.176,224.324,224.319,224.343,224.341,224.266,0.074,0.053,53.745
09:36,224.500,225.870,224.420,225.780,673929,224.352,224.698,224.517,224.433,224.562,224.378,0.184,0.079,66.199
09:37,225.780,226.700,225.680,226.030,601507,224.561,225.126,224.759,224.551,224.788,224.501,0.287,0.121,68.038
09:38,226.020,227.240,225.710,226.880,594086,224.774,225.525,225.039,224.749,225.110,224.677,0.433,0.183,73.347
09:39,226.830,227.470,226.430,227.010,450130,224.934,226.044,225.426,224.943,225.402,224.850,0.552,0.257,74.057
09:40,227.005,227.010,226.000,226.410,367535,225.020,226.422,225.741,225.128,225.557,224.965,0.592,0.324,65.399
09:41,226.390,226.600,225.710,226.000,351218,225.076,226.466,225.881,225.266,225.625,225.042,0.583,0.376,60.220
09:42,226.000,226.550,225.852,226.490,318553,225.130,226.558,226.140,225.451,225.758,225.149,0.609,0.422,63.900
09:43,226.500,226.550,225.310,225.486,350880,225.160,226.279,226.261,225.516,225.716,225.174,0.542,0.446,53.065
09:44,225.480,225.700,225.120,225.165,273426,225.166,225.910,226.184,225.612,225.632,225.174,0.458,0.449,50.141
09:45,225.200,225.410,224.810,225.287,477052,225.166,225.686,226.091,225.720,225.579,225.182,0.397,0.438,51.245
09:46,225.310,225.720,225.020,225.020,278420,225.169,225.490,225.858,225.730,225.493,225.170,0.323,0.415,48.707
09:47,225.060,225.390,224.900,225.060,267734,225.167,225.204,225.615,225.780,225.426,225.162,0.264,0.385,49.113
09:48,224.990,225.230,224.750,224.990,249343,225.162,225.104,225.437,225.816,225.359,225.149,0.210,0.350,48.391
09:49,224.990,225.450,224.858,225.140,299928,225.162,225.099,225.330,225.767,225.325,225.148,0.177,0.315,50.084
09:50,225.050,225.190,224.190,224.250,342022,225.140,224.892,225.050,225.630,225.160,225.082,0.078,0.268,41.405
09:51,224.210,224.890,224.120,224.763,277311,225.125,224.841,224.959,225.467,225.099,225.058,0.041,0.222,47.101
09:52,224.770,225.050,224.770,224.800,268348,225.118,224.789,224.914,225.297,225.053,225.039,0.014,0.181,47.492
09:53,224.820,225.500,224.590,225.477,266867,225.120,224.886,224.938,225.225,225.118,225.072,0.047,0.154,54.239
09:54,225.485,226.000,225.300,225.840,339711,225.139,225.026,225.040,225.213,225.229,225.128,0.101,0.143,57.405
09:55,225.840,225.960,225.550,225.930,231475,225.153,225.362,225.149,225.170,225.337,225.188,0.149,0.144,58.177
09:56,225.902,226.000,225.390,225.519,305816,225.166,225.513,225.215,225.172,225.365,225.212,0.153,0.146,53.421
09:57,225.480,225.520,224.480,224.805,306146,225.160,225.514,225.173,225.145,225.279,225.182,0.097,0.136,46.326
09:58,224.810,225.164,224.800,225.030,202792,225.157,225.425,225.271,225.125,225.241,225.171,0.070,0.123,48.640
09:59,225.040,225.200,224.630,225.010,252847,225.153,225.259,225.301,225.124,225.205,225.159,0.046,0.108,48.440
10:00,225.069,225.200,224.750,225.136,207844,225.151,225.100,225.343,225.130,225.194,225.157,0.037,0.093,49.837
10:01,225.150,225.840,225.070,225.639,290366,225.159,225.124,225.364,225.180,225.263,225.193,0.070,0.089,55.082
10:02,225.635,226.000,225.520,225.960,229079,225.171,225.355,225.379,225.243,225.370,225.250,0.120,0.095,58.085
10:03,225.930,226.000,225.590,225.736,213796,225.181,225.496,225.354,225.357,225.426,225.286,0.141,0.104,55.303
10:04,225.700,225.920,225.560,225.780,171801,225.188,225.650,225.387,225.436,225.481,225.322,0.158,0.115,55.750
10:05,225.730,225.879,224.900,224.940,251113,225.189,225.611,225.404,225.446,225.398,225.294,0.104,0.113,46.216
10:06,224.950,225.660,224.940,225.590,133301,225.191,225.601,225.474,225.455,225.427,225.316,0.111,0.112,52.925
10:07,225.620,226.520,225.609,226.400,451519,225.222,225.689,225.648,225.498,225.577,225.396,0.181,0.126,59.676
10:08,226.381,226.400,225.900,226.034,256237,225.238,225.749,225.760,225.506,225.647,225.444,0.204,0.142,55.784
10:09,226.000,226.180,225.629,225.970,194243,225.247,225.787,225.801,225.541,225.697,225.483,0.214,0.156,55.106
10:10,225.975,226.080,225.760,225.880,178869,225.255,225.975,225.791,225.623,225.725,225.512,0.213,0.167,54.112
10:11,225.860,226.000,225.650,225.805,195018,225.263,226.018,225.800,225.683,225.737,225.534,0.204,0.175,53.250
10:12,225.794,226.100,225.750,225.790,203587,225.271,225.896,225.801,225.743,225.745,225.553,0.193,0.178,53.067
10:13,225.770,225.785,224.000,224.810,430385,225.260,225.651,225.785,225.718,225.602,225.498,0.104,0.163,42.773
10:14,224.790,225.210,224.790,225.110,219451,225.257,225.479,225.725,225.677,225.526,225.469,0.057,0.142,46.213
10:15,225.130,225.330,224.820,225.210,136534,225.255,225.345,225.576,225.620,225.477,225.450,0.028,0.119,47.349
10:16,225.202,225.250,224.890,224.940,120310,225.254,225.172,225.439,225.558,225.395,225.412,-0.017,0.092,44.609
10:17,224.956,225.200,224.910,224.960,134182,225.252,225.006,225.313,225.495,225.328,225.379,-0.051,0.063,44.864
10:18,224.970,225.100,224.790,224.965,148307,225.249,225.037,225.199,225.497,225.272,225.348,-0.076,0.036,44.932
10:19,224.940,225.020,224.610,224.700,148098,225.245,224.955,225.061,225.429,225.184,225.300,-0.116,0.005,41.971
10:20,224.660,224.975,224.425,224.890,215729,225.239,224.891,224.948,225.313,225.139,225.270,-0.131,-0.022,44.781
10:21,224.920,225.520,224.900,225.410,246509,225.239,224.985,225.023,225.265,225.180,225.280,-0.099,-0.037,51.676
10:22,225.405,225.840,225.390,225.610,162582,225.243,225.115,225.086,225.237,225.247,225.304,-0.058,-0.042,54.050
10:23,225.605,226.060,225.605,225.925,243818,225.251,225.307,225.175,225.240,225.351,225.350,0.001,-0.033,57.587
10:24,225.940,226.250,225.710,225.790,231503,225.260,225.525,225.281,225.239,225.418,225.383,0.036,-0.019,55.611
10:25,225.796,226.286,225.750,225.990,251921,225.271,225.745,225.410,225.255,225.506,225.428,0.079,0.000,57.915
10:26,225.961,226.400,225.960,226.160,175404,225.280,225.895,225.559,225.358,225.607,225.482,0.125,0.025,59.824
10:27,226.174,226.219,225.540,225.680,187040,225.285,225.909,225.682,225.402,225.618,225.497,0.121,0.044,52.574
10:28,225.700,225.860,225.500,225.795,122112,225.288,225.883,225.795,225.447,225.645,225.519,0.127,0.061,54.012
10:29,225.810,226.000,225.670,225.805,112938,225.291,225.886,225.844,225.514,225.670,225.540,0.130,0.075,54.142
10:30,225.810,226.000,225.540,225.685,137213,225.295,225.825,225.854,225.570,225.672,225.551,0.121,0.084,52.231
10:31,225.710,225.800,225.490,225.740,132516,225.297,225.741,225.831,225.629,225.683,225.565,0.118,0.091,53.049
10:32,225.760,225.990,225.650,225.790,203671,225.303,225.763,225.831,225.713,225.699,225.582,0.118,0.096,53.823
10:33,225.750,225.800,225.220,225.720,235579,225.306,225.748,225.797,225.777,225.702,225.592,0.111,0.099,52.512
10:34,225.680,225.750,225.500,225.650,134610,225.308,225.717,225.733,225.795,225.694,225.596,0.098,0.099,51.181
10:35,225.630,225.630,225.360,225.450,145252,225.310,225.670,225.704,225.783,225.657,225.585,0.071,0.093,47.463
10:36,225.440,225.630,225.300,225.450,87169,225.310,225.612,225.661,225.747,225.625,225.575,0.050,0.085,47.463
10:37,225.430,225.430,225.083,225.210,152907,225.310,225.496,225.587,225.702,225.561,225.548,0.013,0.070,43.106
10:38,225.210,225.241,224.590,224.737,236871,225.304,225.299,225.468,225.605,225.434,225.488,-0.054,0.045,36.072
10:39,224.760,224.770,224.420,224.578,221606,225.297,225.085,225.323,225.484,225.303,225.421,-0.118,0.013,34.070
10:40,224.580,224.650,224.090,224.090,205595,225.286,224.813,225.111,225.362,225.116,225.322,-0.206,-0.031,28.764
10:41,224.100,224.380,224.070,224.300,175499,225.277,224.583,224.933,225.247,224.991,225.246,-0.256,-0.076,33.557
10:42,224.350,224.680,224.190,224.555,172479,225.271,224.452,224.796,225.150,224.924,225.195,-0.272,-0.115,38.927
10:43,224.555,224.740,224.390,224.451,125333,225.266,224.395,224.671,225.055,224.851,225.140,-0.289,-0.150,37.588
10:44,224.445,224.460,224.180,224.180,200108,225.257,224.315,224.513,224.935,224.748,225.069,-0.321,-0.184,34.292
10:45,224.210,224.430,224.020,224.405,153478,225.250,224.378,224.412,224.829,224.695,225.020,-0.325,-0.212,39.074
10:46,224.430,224.790,224.350,224.550,155016,225.245,224.428,224.389,224.739,224.673,224.985,-0.312,-0.232,42.003
10:47,224.580,224.760,224.500,224.510,130850,225.241,224.419,224.380,224.651,224.648,224.950,-0.302,-0.246,41.413
10:48,224.520,224.760,224.500,224.705,105510,225.238,224.470,224.457,224.594,224.656,224.932,-0.275,-0.252,45.444
10:49,224.730,224.832,224.640,224.722,91310,225.236,224.578,224.510,224.538,224.667,224.916,-0.250,-0.252,45.801
10:50,224.705,225.210,224.628,225.137,217603,225.233,224.725,224.583,224.532,224.739,224.933,-0.194,-0.240,53.629
10:51,225.115,225.150,224.830,225.040,89742,225.232,224.823,224.656,224.556,224.785,224.940,-0.155,-0.223,51.742
10:52,225.060,225.060,224.872,224.951,66918,225.232,224.911,224.753,224.584,224.811,224.941,-0.130,-0.205,50.014
10:53,224.946,225.030,224.730,224.840,75915,225.230,224.938,224.807,224.642,224.815,224.934,-0.118,-0.187,47.855
10:54,224.820,224.850,224.500,224.685,146393,225.227,224.931,224.824,224.672,224.795,224.915,-0.120,-0.174,44.945
10:55,224.720,225.050,224.708,225.000,155432,225.225,224.903,224.885,224.706,224.827,224.922,-0.095,-0.158,51.410
10:56,225.000,225.240,224.950,225.150,148857,225.224,224.925,224.941,224.760,224.876,224.939,-0.062,-0.139,54.172
10:57,225.140,225.520,225.100,225.400,207962,225.225,225.015,225.025,224.854,224.957,224.973,-0.016,-0.114,58.413
10:58,225.395,225.590,225.270,225.480,115508,225.226,225.143,225.068,224.936,225.037,225.010,0.027,-0.086,59.698
10:59,225.490,225.610,225.390,225.537,115052,225.227,225.313,225.130,225.012,225.114,225.049,0.065,-0.056,60.639
11:00,225.550,225.830,225.550,225.675,584012,225.239,225.449,225.221,225.102,225.201,225.096,0.105,-0.024,62.873
11:01,225.670,225.960,225.620,225.685,127227,225.242,225.555,225.327,225.177,225.275,225.139,0.136,0.008,63.037
11:02,225.689,225.990,225.610,225.800,150764,225.245,225.636,225.466,225.260,225.356,225.188,0.168,0.040,64.957
11:03,225.820,226.300,225.800,226.010,281993,225.254,225.742,225.592,225.327,225.457,225.249,0.207,0.074,68.206
11:04,226.010,226.480,226.010,226.385,208678,225.263,225.911,225.747,225.431,225.599,225.333,0.266,0.112,73.013
11:05,226.375,226.543,226.160,226.280,535127,225.286,226.032,225.857,225.533,225.704,225.403,0.301,0.150,69.836
11:06,226.260,226.468,226.130,226.180,200896,225.294,226.131,225.944,225.636,225.777,225.461,0.316,0.183,66.844
11:07,226.175,226.360,226.070,226.330,152190,225.300,226.237,226.043,225.762,225.862,225.525,0.337,0.214,68.990
11:08,226.330,226.340,226.020,226.080,104293,225.303,226.251,226.094,225.846,225.896,225.566,0.329,0.237,61.809
11:09,226.109,226.120,225.600,225.940,185288,225.307,226.162,226.126,225.906,225.903,225.594,0.309,0.251,58.158
11:10,225.950,226.250,225.870,226.172,146817,225.312,226.140,226.172,225.966,225.944,225.637,0.307,0.262,62.142
11:11,226.160,226.320,225.960,226.190,125874,225.316,226.142,226.195,226.020,225.982,225.678,0.304,0.271,62.448
11:12,226.183,226.220,225.660,225.895,144696,225.319,226.055,226.133,226.048,225.968,225.694,0.275,0.272,54.802
11:13,225.860,225.910,225.352,225.430,165450,225.321,225.925,226.027,226.029,225.886,225.674,0.211,0.259,45.375
11:14,225.443,225.620,225.300,225.360,137768,225.322,225.809,225.925,226.004,225.805,225.651,0.154,0.238,44.143
11:15,225.376,225.560,225.300,225.475,112240,225.322,225.670,225.818,225.979,225.754,225.638,0.116,0.214,46.700
11:16,225.440,225.550,225.310,225.425,89859,225.322,225.517,225.736,225.934,225.703,225.622,0.081,0.187,45.719
11:17,225.450,225.750,225.150,225.680,192653,225.324,225.474,225.703,225.880,225.700,225.627,0.073,0.165,51.333
11:18,225.690,225.855,225.650,225.740,132688,225.326,225.536,225.649,225.838,225.706,225.635,0.071,0.146,52.576
11:19,225.730,225.800,225.680,225.730,77381,225.327,225.610,225.592,225.804,225.710,225.642,0.068,0.130,52.336
11:20,225.705,225.875,225.690,225.760,81867,225.329,225.667,225.575,225.760,225.717,225.651,0.067,0.118,53.028
11:21,225.791,225.791,225.560,225.680,70068,225.329,225.718,225.606,225.729,225.712,225.653,0.059,0.106,50.905
11:22,225.665,225.665,225.417,225.520,91447,225.330,225.686,225.626,225.697,225.682,225.643,0.039,0.092,46.863
11:23,225.490,225.750,225.470,225.680,63777,225.331,225.674,225.652,225.659,225.682,225.646,0.036,0.081,51.049
11:24,225.740,226.150,225.740,226.150,158499,225.335,225.758,225.742,225.656,225.754,225.683,0.071,0.079,60.812
11:25,226.150,226.920,226.150,226.860,317705,225.350,225.978,225.890,225.730,225.924,225.770,0.154,0.094,70.416
11:26,226.860,226.980,226.550,226.790,315386,225.366,226.200,226.021,225.835,226.057,225.846,0.211,0.117,68.630
11:27,226.793,226.820,226.555,226.560,116030,225.371,226.408,226.125,225.927,226.135,225.899,0.236,0.141,62.980
11:28,226.560,226.930,226.421,226.791,131206,225.377,226.630,226.254,226.028,226.236,225.965,0.271,0.167,66.004
11:29,226.792,227.150,226.690,226.705,329788,225.394,226.741,226.382,226.127,226.308,226.020,0.288,0.191,63.914
11:30,226.710,226.810,226.100,226.288,263644,225.404,226.627,226.478,226.173,226.305,226.040,0.265,0.206,54.827
11:31,226.290,226.400,226.100,226.130,121561,225.407,226.495,226.534,226.203,226.278,226.046,0.232,0.211,51.818
11:32,226.190,226.480,226.000,226.345,154687,225.412,226.452,226.559,226.251,226.288,226.068,0.220,0.213,55.402
11:33,226.380,226.550,226.210,226.210,118528,225.415,226.336,226.477,226.285,226.276,226.079,0.197,0.210,52.749
11:34,226.230,226.550,226.149,226.480,138185,225.420,226.291,226.439,226.347,226.308,226.109,0.199,0.208,57.167
11:35,226.430,226.770,226.381,226.730,96252,225.424,226.379,226.460,226.440,226.373,226.155,0.218,0.210,60.820
11:36,226.750,226.800,226.366,226.430,101495,225.428,226.439,226.415,226.498,226.381,226.175,0.206,0.209,54.782
11:37,226.431,226.489,226.010,226.160,134531,225.431,226.402,226.347,226.498,226.347,226.174,0.173,0.202,49.973
11:38,226.155,226.310,226.069,226.205,70029,225.433,226.401,226.336,226.448,226.325,226.176,0.149,0.191,50.749
11:39,226.200,226.280,226.090,226.150,76204,225.435,226.335,226.339,226.399,226.298,226.174,0.124,0.178,49.734
11:40,226.150,226.530,226.100,226.500,116006,225.439,226.289,226.358,226.394,226.329,226.198,0.131,0.169,55.795
11:41,226.510,226.540,226.310,226.440,83853,225.441,226.291,226.387,226.367,226.346,226.216,0.130,0.161,54.580
11:42,226.410,226.580,226.310,226.511,71509,225.444,226.361,226.391,226.352,226.372,226.238,0.134,0.155,55.812
11:43,226.515,226.680,226.500,226.602,129838,225.449,226.441,226.375,226.376,226.407,226.265,0.142,0.153,57.391
11:44,226.580,226.580,226.270,226.530,112527,225.453,226.517,226.387,226.407,226.426,226.285,0.141,0.150,55.690
11:45,226.510,227.190,226.510,227.150,235756,225.464,226.647,226.511,226.469,226.537,226.349,0.189,0.158,65.262
11:46,227.150,227.200,226.920,226.920,138140,225.471,226.743,226.600,226.524,226.596,226.391,0.205,0.168,60.079
11:47,226.960,227.100,226.920,226.980,97158,225.476,226.836,226.704,226.562,226.655,226.435,0.221,0.178,60.949
11:48,226.960,227.030,226.660,226.970,98173,225.480,226.910,226.763,226.581,226.704,226.474,0.229,0.188,60.711
11:49,226.981,227.100,226.865,227.000,141345,225.487,227.004,226.833,226.624,226.749,226.513,0.236,0.198,61.201
11:50,227.020,227.087,226.800,226.965,111576,225.492,226.967,226.890,226.686,226.783,226.547,0.236,0.205,60.258
11:51,226.990,227.100,226.750,226.920,157381,225.500,226.967,226.929,226.741,226.804,226.574,0.229,0.210,58.999
11:52,226.900,226.950,226.530,226.535,104749,225.504,226.878,226.930,226.771,226.762,226.572,0.191,0.206,49.478
11:53,226.550,226.690,226.500,226.670,107581,225.507,226.818,226.870,226.784,226.748,226.579,0.169,0.199,52.380
11:54,226.630,226.690,226.220,226.300,165067,225.512,226.678,226.792,226.773,226.679,226.558,0.121,0.183,44.785
11:55,226.250,226.300,225.910,226.250,152917,225.515,226.535,226.701,226.753,226.613,226.535,0.078,0.162,43.862
11:56,226.270,226.529,226.200,226.410,114365,225.518,226.433,226.631,226.738,226.582,226.526,0.056,0.141,47.593
11:57,226.420,226.490,226.310,226.410,71685,225.520,226.408,226.557,226.729,226.555,226.517,0.038,0.120,47.591
11:58,226.433,226.433,226.310,226.410,54415,225.522,226.356,226.488,226.672,226.533,226.509,0.024,0.101,47.594
11:59,226.410,226.519,226.350,226.430,60682,225.523,226.382,226.427,226.635,226.517,226.504,0.014,0.084,48.132
12:00,226.426,226.690,226.170,226.594,95767,225.526,226.451,226.434,226.605,226.529,226.510,0.019,0.071,52.447
12:01,226.610,226.780,226.379,226.770,99543,225.530,226.523,226.447,226.589,226.566,226.529,0.037,0.064,56.605
12:02,226.764,226.990,226.605,226.980,130636,225.535,226.637,226.532,226.588,226.630,226.563,0.067,0.064,61.007
12:03,226.964,226.980,226.820,226.825,91198,225.539,226.720,226.604,226.577,226.660,226.582,0.077,0.067,56.463
12:04,226.818,226.990,226.750,226.990,80157,225.542,226.832,226.676,226.583,226.711,226.612,0.098,0.073,59.888
12:05,226.990,227.000,226.500,226.530,110561,225.546,226.819,226.691,226.582,226.683,226.606,0.076,0.074,48.445
12:06,226.550,226.560,226.190,226.210,147862,225.549,226.707,226.666,226.547,226.610,226.577,0.033,0.066,42.379
12:07,226.220,226.220,225.910,225.966,144097,225.552,226.504,226.608,226.521,226.511,226.532,-0.021,0.048,38.435
12:08,225.980,226.040,225.800,225.840,121099,225.553,226.307,226.514,226.490,226.408,226.481,-0.073,0.024,36.533
12:09,225.840,225.870,225.370,225.760,172776,225.553,226.061,226.388,226.440,226.308,226.427,-0.119,-0.004,35.342
12:10,225.778,225.860,225.410,225.500,169030,225.554,225.855,226.203,226.370,226.184,226.358,-0.175,-0.039,31.722
12:11,225.485,225.800,225.330,225.800,123546,225.554,225.773,226.075,226.323,226.125,226.317,-0.192,-0.069,39.431
12:12,225.810,225.816,225.470,225.740,82489,225.554,225.728,225.918,226.270,226.066,226.274,-0.209,-0.097,38.495
12:13,225.700,225.715,225.550,225.570,100410,225.554,225.674,225.798,226.191,225.989,226.222,-0.233,-0.124,35.895
12:14,225.565,225.650,225.500,225.600,84554,225.554,225.642,225.722,226.101,225.929,226.176,-0.247,-0.149,36.707
12:15,225.590,225.710,225.360,225.440,127662,225.554,225.630,225.656,225.982,225.854,226.122,-0.267,-0.173,34.216
12:16,225.445,225.445,225.220,225.340,90654,225.554,225.538,225.594,225.868,225.775,226.064,-0.289,-0.196,32.722
12:17,225.330,225.603,225.280,225.530,111789,225.553,225.496,225.565,225.756,225.737,226.024,-0.287,-0.214,38.241
12:18,225.530,225.720,225.330,225.690,142062,225.554,225.520,225.589,225.691,225.730,225.999,-0.269,-0.225,42.518
12:19,225.690,225.700,225.325,225.612,100609,225.554,225.522,225.565,225.645,225.712,225.971,-0.259,-0.232,41.025
12:20,225.580,225.630,225.340,225.450,57035,225.553,225.524,225.529,225.606,225.672,225.932,-0.261,-0.238,38.042
12:21,225.430,225.740,225.380,225.700,100240,225.554,225.596,225.545,225.595,225.676,225.915,-0.239,-0.238,44.725
12:22,225.695,225.880,225.505,225.650,156065,225.554,225.620,225.551,225.586,225.672,225.895,-0.223,-0.235,43.710
12:23,225.620,225.860,225.510,225.590,113675,225.554,225.600,225.570,225.593,225.659,225.873,-0.213,-0.231,42.464
12:24,225.570,225.762,225.570,225.670,66554,225.555,225.612,225.611,225.583,225.661,225.858,-0.197,-0.224,44.726
12:25,225.684,226.310,225.520,226.160,269447,225.558,225.754,225.690,225.616,225.738,225.880,-0.142,-0.208,56.110
12:26,226.170,226.440,226.145,226.366,264954,225.564,225.887,225.775,225.677,225.834,225.916,-0.082,-0.182,59.859
12:27,226.350,226.480,226.100,226.335,193171,225.568,226.024,225.865,225.733,225.911,225.947,-0.036,-0.153,59.035
12:28,226.324,226.530,226.280,226.330,124927,225.571,226.172,225.975,225.802,225.976,225.975,0.000,-0.122,58.898
12:29,226.320,227.090,226.284,226.900,283621,225.580,226.418,226.125,225.922,226.118,226.044,0.074,-0.083,68.137
12:30,226.980,227.498,226.920,226.980,476222,225.600,226.582,226.291,226.033,226.251,226.113,0.137,-0.039,69.184
12:31,227.050,227.680,226.850,227.560,477230,225.623,226.821,226.538,226.177,226.452,226.220,0.232,0.015,75.477
12:32,227.570,227.860,227.260,227.385,529627,225.649,227.031,226.752,226.314,226.596,226.307,0.289,0.070,70.780
12:33,227.425,227.770,227.350,227.760,238381,225.662,227.317,226.952,226.491,226.775,226.414,0.360,0.128,74.449
12:34,227.780,228.090,227.580,227.730,485354,225.689,227.483,227.123,226.647,226.922,226.512,0.410,0.184,73.655
12:35,227.748,228.210,227.730,228.105,321598,225.708,227.708,227.344,226.836,227.104,226.630,0.474,0.242,76.972
12:36,228.100,228.340,228.070,228.170,304903,225.728,227.830,227.574,227.035,227.268,226.744,0.524,0.299,77.501
12:37,228.192,228.590,228.150,228.570,261169,225.746,228.067,227.783,227.258,227.468,226.879,0.589,0.357,80.473
12:38,228.570,229.090,228.460,228.970,386024,225.776,228.309,228.031,227.474,227.699,227.034,0.665,0.418,82.905
12:39,228.979,229.280,228.660,229.140,551719,225.821,228.591,228.229,227.687,227.921,227.190,0.731,0.481,83.827
12:40,229.160,229.350,228.610,228.785,446272,225.855,228.727,228.404,227.876,228.054,227.308,0.746,0.534,74.760
12:41,228.790,228.800,228.410,228.690,328026,225.877,228.831,228.520,228.057,228.152,227.411,0.741,0.575,72.500
12:42,228.695,229.200,228.665,229.080,364032,225.904,228.933,228.689,228.225,228.294,227.534,0.760,0.612,75.741
12:43,229.070,229.550,228.930,229.480,401381,225.937,229.035,228.861,228.417,228.477,227.678,0.799,0.650,78.537
12:44,229.480,229.770,229.326,229.350,422337,225.973,229.077,229.008,228.555,228.611,227.802,0.809,0.681,75.490
12:45,229.350,229.710,229.350,229.560,254214,225.994,229.232,229.132,228.722,228.757,227.932,0.825,0.710,77.038
12:46,229.533,229.850,229.480,229.775,284604,226.019,229.449,229.232,228.877,228.914,228.069,0.845,0.737,78.534
12:47,229.780,229.800,229.290,229.680,383592,226.051,229.569,229.300,229.027,229.032,228.188,0.843,0.758,76.176
12:48,229.700,229.960,229.510,229.960,573047,226.100,229.665,229.447,229.170,229.174,228.319,0.855,0.778,78.251
12:49,229.930,230.380,229.880,230.276,541639,226.150,229.850,229.645,229.332,229.344,228.464,0.880,0.798,80.334
12:50,230.310,230.350,229.670,229.825,357889,226.181,229.903,229.738,229.429,229.418,228.565,0.853,0.809,70.028
12:51,229.810,229.810,229.242,229.310,321861,226.204,229.810,229.717,229.455,229.401,228.620,0.781,0.803,60.489
12:52,229.330,229.540,229.130,229.330,256586,226.222,229.740,229.714,229.469,229.390,228.673,0.717,0.786,60.713
12:53,229.320,229.640,229.310,229.500,188837,226.236,229.648,229.707,229.524,229.407,228.734,0.673,0.764,62.650
12:54,229.480,229.550,229.310,229.445,197757,226.250,229.482,229.666,229.582,229.413,228.787,0.626,0.736,61.592
12:55,229.430,229.460,229.100,229.195,207812,226.263,229.356,229.605,229.591,229.379,228.817,0.562,0.701,56.890
12:56,229.195,229.250,229.080,229.195,153610,226.273,229.333,229.510,229.569,229.351,228.845,0.506,0.662,56.890
12:57,229.200,229.430,229.100,229.110,228913,226.288,229.289,229.364,229.551,229.314,228.865,0.449,0.620,55.227
12:58,229.100,229.280,229.012,229.200,175162,226.299,229.229,229.286,229.523,229.296,228.890,0.407,0.577,56.671
12:59,229.238,229.238,228.681,228.800,257507,226.313,229.100,229.222,229.448,229.220,228.883,0.337,0.529,49.093
13:00,228.810,228.930,228.590,228.710,230949,226.325,229.003,229.144,229.374,229.142,228.870,0.272,0.478,47.553
13:01,228.720,229.030,228.670,229.020,206847,226.337,228.968,229.084,229.301,229.123,228.881,0.242,0.430,53.022
13:02,229.005,229.232,228.900,229.130,235406,226.350,228.972,229.045,229.213,229.124,228.900,0.224,0.389,54.822
13:03,229.140,229.155,228.770,229.005,165560,226.359,228.933,229.021,229.150,229.106,228.907,0.198,0.351,52.366
13:04,228.990,229.350,228.825,229.270,140716,226.368,229.027,229.031,229.147,229.131,228.934,0.197,0.320,56.792
13:05,229.264,229.358,228.810,228.848,191189,226.378,229.055,228.998,229.110,229.087,228.928,0.160,0.288,48.990
13:06,228.860,229.210,228.760,229.210,151120,226.387,229.093,228.999,229.088,229.106,228.949,0.158,0.262,54.730
13:07,229.199,230.160,229.070,229.900,369852,226.412,229.247,229.137,229.123,229.228,229.019,0.209,0.251,63.224
13:08,229.960,229.980,229.591,229.640,205401,226.426,229.374,229.253,229.157,229.292,229.065,0.227,0.246,58.750
13:09,229.650,229.850,229.370,229.770,235925,226.442,229.474,229.347,229.201,229.365,229.117,0.248,0.247,60.264
13:10,229.790,230.150,229.640,229.680,249907,226.459,229.640,229.415,229.245,229.414,229.159,0.255,0.248,58.652
13:11,229.670,229.859,229.435,229.770,146773,226.469,229.752,229.511,229.289,229.468,229.204,0.264,0.251,59.810
13:12,229.800,230.120,229.630,229.740,197127,226.483,229.720,229.570,229.361,229.510,229.244,0.266,0.254,59.216
13:13,229.750,229.760,229.230,229.240,189665,226.494,229.640,229.619,229.402,229.469,229.244,0.225,0.249,50.277
13:14,229.250,229.289,228.789,228.995,212141,226.505,229.485,229.592,229.400,229.396,229.225,0.171,0.233,46.567
13:15,228.998,229.370,228.970,229.250,132783,226.512,229.399,229.511,229.409,229.373,229.227,0.146,0.216,50.649
13:16,229.285,229.480,229.240,229.460,105262,226.518,229.337,229.488,229.444,229.387,229.244,0.142,0.201,53.780
13:17,229.435,229.480,229.210,229.477,79541,226.522,229.284,229.451,229.460,229.401,229.262,0.139,0.189,54.032
13:18,229.500,229.948,229.500,229.910,154968,226.533,229.418,229.480,229.542,229.479,229.310,0.169,0.185,60.057
13:19,229.850,230.050,229.730,229.950,100185,226.539,229.609,229.503,229.599,229.551,229.357,0.194,0.187,60.576
13:20,229.951,230.090,229.590,230.065,142668,226.549,229.772,229.543,229.611,229.630,229.409,0.221,0.193,62.087
13:21,230.055,230.409,230.000,230.100,234095,226.566,229.900,229.651,229.647,229.703,229.461,0.242,0.203,62.558
13:22,230.097,230.490,229.870,230.405,230592,226.582,230.086,229.827,229.695,229.811,229.531,0.280,0.219,66.463
13:23,230.400,230.570,230.280,230.294,221957,226.599,230.163,229.958,229.743,229.885,229.587,0.298,0.234,63.853
13:24,230.310,230.520,230.130,230.500,173880,226.612,230.273,230.088,229.799,229.980,229.655,0.325,0.253,66.484
13:25,230.520,230.660,230.230,230.275,194589,226.626,230.315,230.187,229.840,230.025,229.701,0.324,0.267,61.241
13:26,230.260,230.490,230.190,230.285,127830,226.635,230.352,230.234,229.920,230.065,229.744,0.321,0.278,61.388
13:27,230.265,230.384,229.890,229.910,264986,226.653,230.253,230.229,229.991,230.041,229.756,0.285,0.279,53.293
13:28,229.930,230.060,229.775,229.910,135489,226.661,230.176,230.210,230.042,230.021,229.768,0.253,0.274,53.293
13:29,229.940,230.060,229.830,229.890,121999,226.669,230.054,230.184,230.075,230.001,229.777,0.224,0.264,52.862
13:30,229.907,230.350,229.900,230.290,142143,226.679,230.057,230.169,230.137,230.045,229.815,0.231,0.257,59.856
13:31,230.310,230.520,230.250,230.420,129942,226.688,230.084,230.185,230.176,230.103,229.860,0.243,0.255,61.837
13:32,230.420,230.630,230.310,230.627,160175,226.700,230.227,230.201,230.229,230.184,229.916,0.267,0.257,64.814
13:33,230.630,230.650,230.370,230.420,159205,226.711,230.329,230.219,230.256,230.220,229.954,0.266,0.259,59.791
13:34,230.400,230.600,230.251,230.450,163602,226.722,230.441,230.240,230.283,230.255,229.990,0.265,0.260,60.272
13:35,230.450,230.454,230.010,230.110,170064,226.734,230.405,230.265,230.260,230.233,229.999,0.234,0.255,52.589
13:36,230.130,230.435,230.110,230.320,134525,226.743,230.385,230.316,230.262,230.246,230.023,0.223,0.249,56.297
13:37,230.311,230.311,229.870,230.050,189081,226.754,230.270,230.336,230.227,230.216,230.025,0.191,0.237,50.807
13:38,230.077,230.400,229.870,230.228,180773,226.766,230.232,230.328,230.224,230.218,230.040,0.178,0.225,53.992
13:39,230.220,230.420,229.830,229.930,139636,226.775,230.128,230.267,230.197,230.174,230.032,0.142,0.208,48.346
13:40,229.940,229.940,229.650,229.810,140360,226.783,230.068,230.165,230.189,230.118,230.016,0.102,0.187,46.248
13:41,229.850,230.170,229.790,230.145,134765,226.791,230.033,230.130,230.207,230.122,230.025,0.097,0.169,52.450
13:42,230.170,230.299,230.010,230.220,87057,226.796,230.067,230.102,230.232,230.137,230.040,0.097,0.155,53.737
13:43,230.262,230.490,230.230,230.400,103774,226.803,230.101,230.138,230.241,230.177,230.066,0.111,0.146,56.760
13:44,230.367,230.690,230.300,230.415,174107,226.815,230.198,230.150,230.240,230.214,230.092,0.122,0.141,57.012
13:45,230.430,230.490,230.000,230.052,123115,226.822,230.246,230.150,230.196,230.189,230.089,0.100,0.133,49.489
13:46,230.050,230.260,230.000,230.239,108752,226.829,230.265,230.151,230.182,230.197,230.100,0.097,0.126,52.943
13:47,230.200,230.280,230.020,230.080,85665,226.834,230.237,230.170,230.154,230.179,230.099,0.080,0.117,49.824
13:48,230.090,230.090,229.820,229.980,118411,226.841,230.153,230.191,230.144,230.148,230.090,0.058,0.105,47.916
13:49,229.970,230.200,229.850,230.070,94373,226.847,230.084,230.182,230.125,230.136,230.088,0.048,0.094,49.780
13:50,230.070,230.350,230.070,230.180,77523,226.851,230.110,230.177,230.135,230.143,230.095,0.048,0.084,52.038
13:51,230.200,230.580,230.090,230.470,121973,226.859,230.156,230.186,230.153,230.193,230.123,0.070,0.082,57.469
13:52,230.450,230.670,230.410,230.660,179442,226.871,230.272,230.216,230.209,230.265,230.163,0.102,0.086,60.616
13:53,230.680,231.410,230.660,231.280,508796,226.910,230.532,230.370,230.322,230.421,230.246,0.176,0.104,68.742
13:54,231.290,231.410,231.081,231.397,204734,226.926,230.797,230.515,230.419,230.571,230.331,0.241,0.131,70.004
13:55,231.376,231.490,231.250,231.360,218101,226.943,231.033,230.675,230.506,230.693,230.407,0.286,0.162,69.048
13:56,231.360,231.462,231.210,231.321,168934,226.957,231.204,230.842,230.577,230.789,230.475,0.315,0.192,68.012
13:57,231.310,231.310,231.005,231.178,145229,226.967,231.307,230.981,230.636,230.849,230.527,0.322,0.218,64.164
13:58,231.190,231.310,230.970,231.059,144126,226.978,231.263,231.091,230.713,230.881,230.566,0.315,0.238,61.080
13:59,231.062,231.440,231.040,231.440,154216,226.990,231.271,231.212,230.806,230.967,230.631,0.336,0.257,66.616
14:00,231.420,231.970,231.410,231.770,322548,227.016,231.353,231.351,230.936,231.091,230.715,0.375,0.281,70.522
14:01,231.790,231.800,231.540,231.708,158913,227.029,231.431,231.404,231.069,231.186,230.789,0.397,0.304,68.899
14:02,231.708,231.890,231.700,231.740,151455,227.042,231.543,231.447,231.197,231.271,230.859,0.412,0.326,69.290
14:03,231.740,232.040,231.740,231.899,235466,227.062,231.711,231.514,231.329,231.368,230.936,0.431,0.347,71.243
14:04,231.900,231.930,231.750,231.796,144002,227.074,231.783,231.574,231.431,231.434,231.000,0.434,0.364,68.222
14:05,231.810,231.930,231.700,231.930,113063,227.083,231.815,231.668,231.529,231.510,231.069,0.441,0.380,70.003
14:06,231.900,232.000,231.740,231.880,161373,227.096,231.849,231.770,231.575,231.567,231.129,0.438,0.391,68.461
14:07,231.890,232.270,231.890,232.220,251996,227.118,231.945,231.868,231.639,231.667,231.210,0.458,0.404,72.851
14:08,232.220,232.490,232.220,232.250,265263,227.142,232.015,231.928,231.707,231.757,231.287,0.470,0.418,73.205
14:09,232.230,232.360,232.090,232.188,191454,227.158,232.094,231.988,231.774,231.823,231.354,0.470,0.428,71.135
14:10,232.185,232.230,231.870,231.870,199814,227.175,232.082,232.004,231.827,231.830,231.392,0.439,0.430,61.541
14:11,231.870,231.889,231.640,231.840,184711,227.189,232.074,231.997,231.887,231.832,231.425,0.407,0.425,60.709
14:12,231.860,232.110,231.860,231.875,129069,227.200,232.005,232.007,231.920,231.839,231.458,0.380,0.416,61.365
14:13,231.890,232.250,231.890,232.250,115716,227.209,232.005,232.047,231.957,231.902,231.517,0.385,0.410,67.609
14:14,232.240,232.380,232.120,232.270,151537,227.222,232.021,232.095,232.001,231.958,231.573,0.386,0.405,67.907
14:15,232.255,232.315,231.800,231.926,195587,227.238,232.032,232.059,232.015,231.953,231.599,0.355,0.395,58.018
14:16,231.920,232.250,231.790,232.190,116888,227.247,232.102,232.051,232.037,231.990,231.643,0.347,0.385,62.528
14:17,232.200,232.580,232.021,232.450,219522,227.266,232.217,232.084,232.088,232.061,231.703,0.358,0.380,66.359
14:18,232.446,232.560,232.340,232.420,167855,227.280,232.251,232.153,232.125,232.116,231.756,0.360,0.376,65.527
14:19,232.440,232.540,232.240,232.489,168618,227.295,232.295,232.234,232.172,232.173,231.810,0.363,0.374,66.573
14:20,232.470,232.790,232.430,232.775,250038,227.317,232.465,232.346,232.215,232.266,231.882,0.384,0.376,70.529
14:21,232.760,232.800,232.630,232.755,250580,227.339,232.578,232.409,232.254,232.341,231.946,0.395,0.380,69.905
14:22,232.755,232.980,232.725,232.955,221324,227.359,232.679,232.495,232.313,232.436,232.021,0.415,0.387,72.523
14:23,232.970,233.120,232.820,232.900,323470,227.389,232.775,232.617,232.392,232.507,232.086,0.421,0.393,70.702
14:24,232.860,233.150,232.820,232.890,242866,227.411,232.855,232.704,232.473,232.566,232.146,0.420,0.399,70.352
14:25,232.890,232.930,232.670,232.670,176668,227.426,232.834,232.732,232.534,232.582,232.184,0.398,0.399,63.047
14:26,232.700,233.000,232.700,232.920,201333,227.444,232.867,232.794,232.585,232.634,232.239,0.395,0.398,67.215
14:27,232.930,232.930,232.660,232.700,136693,227.455,232.816,232.821,232.618,232.644,232.273,0.371,0.393,60.722
14:28,232.700,232.885,232.600,232.800,142130,227.467,232.796,232.824,232.686,232.668,232.312,0.356,0.385,62.496
14:29,232.790,232.930,232.560,232.571,129825,227.478,232.732,232.801,232.715,232.653,232.331,0.322,0.373,56.231
14:30,232.570,232.635,232.401,232.550,170677,227.492,232.708,232.750,232.723,232.637,232.347,0.290,0.356,55.683
14:31,232.560,232.580,232.150,232.402,208063,227.508,232.605,232.688,232.721,232.601,232.352,0.250,0.335,51.829
14:32,232.400,232.475,232.240,232.440,140392,227.519,232.553,232.632,232.718,232.576,232.358,0.218,0.311,52.733
14:33,232.450,232.640,232.330,232.400,155769,227.531,232.473,232.598,232.689,232.549,232.361,0.188,0.287,51.634
14:34,232.400,232.430,232.250,232.270,120712,227.540,232.412,232.517,232.651,232.506,232.354,0.152,0.260,48.123
14:35,232.260,232.260,231.820,231.920,241230,227.557,232.286,232.419,232.572,232.416,232.322,0.094,0.227,40.198
14:36,231.940,232.133,231.860,232.064,179263,227.570,232.219,232.327,232.507,232.362,232.303,0.059,0.193,44.262
14:37,232.055,232.099,231.530,231.605,292026,227.589,232.052,232.206,232.409,232.245,232.251,-0.006,0.153,35.886
14:38,231.610,231.843,231.564,231.815,179583,227.601,231.935,232.114,232.343,232.179,232.219,-0.040,0.115,41.355
14:39,231.818,232.132,231.741,232.010,162050,227.612,231.883,232.065,232.273,232.153,232.204,-0.050,0.082,45.965
14:40,232.040,232.240,231.930,232.190,153343,227.622,231.937,232.034,232.234,232.159,232.203,-0.044,0.057,49.877
14:41,232.170,232.282,231.830,231.830,198993,227.636,231.890,231.963,232.159,232.108,232.175,-0.067,0.032,43.145
14:42,231.840,232.085,231.710,232.085,145232,227.646,231.986,231.940,232.122,232.105,232.168,-0.064,0.013,48.455
14:43,232.090,232.260,232.030,232.111,173413,227.658,232.045,231.964,232.088,232.106,232.164,-0.058,-0.001,48.986
14:44,232.093,232.380,231.986,232.343,204832,227.672,232.112,231.999,232.083,232.142,232.177,-0.035,-0.008,53.515
14:45,232.329,232.370,232.170,232.230,176259,227.684,232.120,232.077,232.067,232.156,232.181,-0.026,-0.012,51.128
14:46,232.210,232.210,231.620,231.734,262750,227.701,232.101,232.067,232.016,232.091,232.148,-0.057,-0.021,42.237
14:47,231.740,231.960,231.580,231.630,193904,227.713,232.010,232.019,231.967,232.020,232.110,-0.090,-0.035,40.641
14:48,231.619,232.090,231.618,232.015,160644,227.723,231.990,231.997,231.974,232.019,232.103,-0.084,-0.044,48.412
14:49,232.010,232.070,231.900,231.920,107125,227.730,231.906,232.009,231.963,232.004,232.089,-0.085,-0.053,46.784
14:50,231.930,232.370,231.810,232.202,208895,227.744,231.900,232.023,232.009,232.034,232.098,-0.063,-0.055,51.952
14:51,232.209,232.720,232.206,232.670,209000,227.759,232.087,232.093,232.075,232.132,232.140,-0.008,-0.045,59.050
14:52,232.650,232.650,232.440,232.580,114135,227.767,232.277,232.123,232.119,232.201,232.173,0.029,-0.031,57.298
14:53,232.581,232.690,232.370,232.555,157101,227.778,232.385,232.163,232.147,232.255,232.201,0.055,-0.013,56.784
14:54,232.575,232.720,232.390,232.530,130449,227.788,232.507,232.263,232.200,232.298,232.225,0.072,0.004,56.259
14:55,232.520,232.600,232.357,232.535,128396,227.797,232.574,232.376,232.235,232.334,232.248,0.086,0.020,56.347
14:56,232.550,232.930,232.420,232.870,227762,227.813,232.614,232.483,232.293,232.417,232.294,0.122,0.041,61.899
14:57,232.870,233.000,232.370,232.490,246223,227.831,232.596,232.554,232.305,232.428,232.309,0.119,0.056,53.575
14:58,232.500,232.602,232.100,232.530,242378,227.847,232.591,232.595,232.328,232.444,232.325,0.119,0.069,54.272
14:59,232.520,232.701,232.460,232.510,142375,227.857,232.587,232.575,232.387,232.454,232.339,0.115,0.078,53.837
15:00,232.500,232.780,232.410,232.779,170670,227.869,232.636,232.600,232.476,232.504,232.371,0.132,0.089,58.648
15:01,232.800,233.250,232.650,233.140,283728,227.891,232.690,232.673,232.562,232.602,232.428,0.173,0.106,64.049
15:02,233.140,233.370,232.973,233.015,317036,227.915,232.795,232.734,232.647,232.665,232.472,0.194,0.123,61.071
15:03,233.015,233.045,232.810,232.940,188057,227.929,232.877,232.784,232.703,232.708,232.507,0.201,0.139,59.290
15:04,232.915,232.977,232.800,232.830,182599,227.942,232.941,232.779,232.716,232.726,232.530,0.196,0.150,56.679
15:05,232.825,232.860,232.670,232.710,145595,227.952,232.927,232.807,232.726,232.724,232.544,0.180,0.156,53.891
15:06,232.700,232.924,232.650,232.705,132518,227.961,232.840,232.829,232.737,232.721,232.556,0.165,0.158,53.773
15:07,232.690,232.965,232.570,232.776,132490,227.970,232.792,232.862,232.756,232.729,232.572,0.157,0.158,55.283
15:08,232.800,233.150,232.772,233.060,142927,227.980,232.816,232.897,232.797,232.780,232.608,0.172,0.161,60.790
15:09,233.060,233.120,232.900,233.050,136152,227.990,232.860,232.886,232.810,232.822,232.641,0.181,0.165,60.493
15:10,233.030,233.271,233.030,233.122,144566,228.001,232.943,232.899,232.859,232.868,232.677,0.191,0.170,61.864
15:11,233.130,233.143,232.570,232.800,194802,228.014,232.962,232.882,232.880,232.858,232.686,0.172,0.170,52.998
15:12,232.780,232.800,232.581,232.670,109200,228.022,232.940,232.862,232.892,232.829,232.685,0.144,0.165,49.888
15:13,232.690,232.700,231.997,232.080,262947,228.038,232.744,232.783,232.838,232.714,232.640,0.074,0.147,38.768
15:14,232.084,232.100,231.730,231.740,251009,228.051,232.482,232.662,232.731,232.564,232.573,-0.009,0.116,34.056
15:15,231.770,231.970,231.710,231.800,232877,228.064,232.218,232.540,232.637,232.446,232.516,-0.070,0.079,35.545
15:16,231.800,231.930,231.250,231.300,252023,228.076,231.918,232.320,232.511,232.270,232.426,-0.156,0.032,29.557
15:17,231.300,231.480,231.140,231.270,275495,228.088,231.638,232.098,232.391,232.116,232.340,-0.224,-0.019,29.239
15:18,231.279,231.420,230.810,231.400,307533,228.102,231.502,231.883,232.290,232.006,232.271,-0.265,-0.068,32.624
15:19,231.420,231.570,231.369,231.535,197681,228.111,231.461,231.724,232.200,231.933,232.216,-0.283,-0.111,36.046
15:20,231.510,231.593,231.270,231.330,170870,228.119,231.367,231.557,232.089,231.841,232.150,-0.310,-0.151,33.283
15:21,231.360,231.920,231.330,231.760,224925,228.130,231.459,231.517,231.989,231.828,232.121,-0.293,-0.179,43.133
15:22,231.780,231.870,231.660,231.750,136847,228.137,231.555,231.518,231.889,231.816,232.094,-0.278,-0.199,42.974
15:23,231.730,231.870,231.585,231.760,134737,228.143,231.627,231.513,231.784,231.808,232.069,-0.262,-0.212,43.197
15:24,231.755,232.270,231.750,232.224,185517,228.153,231.765,231.629,231.740,231.872,232.081,-0.209,-0.211,52.574
15:25,232.250,232.319,231.880,231.880,201535,228.164,231.875,231.705,231.679,231.873,232.066,-0.193,-0.207,46.451
15:26,231.860,231.940,231.500,231.640,162604,228.172,231.851,231.735,231.645,231.837,232.034,-0.197,-0.205,42.718
15:27,231.610,232.000,231.600,231.930,170373,228.180,231.887,231.784,231.660,231.851,232.027,-0.175,-0.199,48.141
15:28,231.960,232.229,231.915,232.170,130930,228.187,231.969,231.889,231.688,231.900,232.037,-0.137,-0.187,52.177
15:29,232.190,232.330,232.113,232.310,161922,228.196,231.986,231.958,231.766,231.963,232.057,-0.094,-0.168,54.406
15:30,232.320,232.650,232.290,232.600,179788,228.207,232.130,232.064,231.868,232.061,232.098,-0.036,-0.142,58.700
15:31,232.590,232.783,232.470,232.770,154347,228.216,232.356,232.191,231.974,232.170,232.147,0.023,-0.109,61.017
15:32,232.760,232.810,232.577,232.690,119518,228.223,232.508,232.249,232.063,232.250,232.188,0.063,-0.075,59.331
15:33,232.680,232.750,232.429,232.546,132839,228.231,232.583,232.332,232.156,232.296,232.214,0.082,-0.043,56.304
15:34,232.550,232.710,232.520,232.675,132454,228.239,232.656,232.461,232.227,232.354,232.248,0.106,-0.014,58.355
15:35,232.670,232.680,232.260,232.283,158885,228.248,232.593,232.505,232.268,232.343,232.251,0.092,0.008,50.604
15:36,232.261,232.700,232.261,232.675,118062,228.255,232.574,232.569,232.338,232.394,232.282,0.112,0.029,56.785
15:37,232.660,232.720,232.500,232.570,117893,228.262,232.550,232.601,232.364,232.421,232.304,0.118,0.046,54.808
15:38,232.560,232.684,232.300,232.371,141279,228.269,232.515,232.572,232.402,232.414,232.309,0.105,0.058,51.173
15:39,232.350,232.680,232.350,232.550,133688,228.277,232.490,232.545,232.472,232.435,232.326,0.108,0.068,54.125
15:40,232.570,232.580,232.080,232.200,194178,228.287,232.473,232.484,232.493,232.398,232.317,0.081,0.071,48.014
15:41,232.205,232.226,231.670,231.840,190189,228.297,232.306,232.396,232.468,232.313,232.282,0.031,0.063,42.680
15:42,231.830,232.030,231.800,231.985,162690,228.304,232.189,232.309,232.443,232.262,232.260,0.002,0.051,45.315
15:43,231.985,232.080,231.810,232.020,158677,228.312,232.119,232.276,232.398,232.225,232.242,-0.017,0.037,45.961
15:44,232.040,232.170,231.860,232.030,154333,228.320,232.015,232.196,232.341,232.195,232.226,-0.031,0.023,46.156
15:45,232.010,232.050,231.710,231.894,191591,228.329,231.954,232.111,232.280,232.149,232.202,-0.053,0.008,43.832
15:46,231.870,232.000,231.770,231.840,195358,228.338,231.954,232.045,232.226,232.101,232.175,-0.074,-0.008,42.908
15:47,231.850,231.925,231.700,231.760,131409,228.344,231.909,231.946,232.155,232.049,232.144,-0.096,-0.026,41.513
15:48,231.760,232.180,231.740,232.069,202892,228.353,231.919,231.930,232.139,232.052,232.139,-0.087,-0.038,48.484
15:49,232.060,232.070,231.850,231.960,176931,228.362,231.905,231.945,232.084,232.038,232.125,-0.088,-0.048,46.384
15:50,232.000,232.010,231.440,231.560,323636,228.376,231.838,231.892,232.006,231.964,232.083,-0.119,-0.062,39.604
15:51,231.580,231.640,231.320,231.320,233281,228.385,231.734,231.804,231.925,231.865,232.027,-0.162,-0.082,36.186
15:52,231.310,231.560,230.850,231.544,367194,228.399,231.691,231.743,231.848,231.816,231.991,-0.175,-0.101,41.286
15:53,231.560,231.630,231.260,231.395,254830,228.409,231.556,231.681,231.786,231.751,231.947,-0.196,-0.120,39.049
15:54,231.380,231.830,231.340,231.570,273540,228.420,231.478,231.647,231.765,231.723,231.919,-0.196,-0.135,42.951
15:55,231.590,231.660,231.370,231.510,243736,228.429,231.468,231.616,231.729,231.690,231.889,-0.198,-0.148,41.959
15:56,231.530,231.685,231.530,231.570,239809,228.439,231.518,231.554,231.694,231.672,231.865,-0.193,-0.157,43.367
15:57,231.585,231.990,231.575,231.960,308805,228.452,231.601,231.554,231.689,231.716,231.872,-0.156,-0.157,51.589
15:58,231.965,231.980,231.840,231.910,320340,228.466,231.704,231.597,231.690,231.746,231.875,-0.129,-0.151,50.576
15:59,231.920,232.020,231.820,232.010,690164,228.496,231.792,231.684,231.703,231.787,231.885,-0.098,-0.141,52.583
16:00,232.010,232.150,231.990,232.000,1582421,228.565,231.890,231.741,231.721,231.819,231.894,-0.074,-0.127,52.354
